#TAXONOMY,Domain,Phylum,Class,Order,Family,Genus,Species
ASV1,k__Fungi,p__Ascomycota,c__Saccharomycetes,o__Saccharomycetales,f__Saccharomycetales_fam_Incertae_sedis,g__Candida,s__Candida_parapsilosis
ASV2,k__Fungi,p__Basidiomycota,c__Agaricomycetes,o__Agaricales,f__Tricholomataceae,g__Baeospora,s__Baeospora_myosura
ASV3,k__Fungi,p__Ascomycota,c__Saccharomycetes,o__Saccharomycetales,f__Saccharomycetales_fam_Incertae_sedis,g__Candida,s__Candida_albicans
ASV4,k__Fungi,p__Ascomycota,c__Dothideomycetes,o__Capnodiales,f__Mycosphaerellaceae,g__Mycosphaerella,s__Mycosphaerella_tassiana
ASV5,k__Fungi,p__Basidiomycota,c__Tremellomycetes,o__Filobasidiales,f__Filobasidiaceae,g__Naganishia,s__Naganishia_diffluens
ASV6,k__Fungi,p__Ascomycota,c__Eurotiomycetes,o__Eurotiales,f__Aspergillaceae,g__Penicillium,s__Penicillium_carneum
ASV7,k__Fungi,p__Ascomycota,c__Saccharomycetes,o__Saccharomycetales,f__Debaryomycetaceae,g__Debaryomyces,s__Debaryomyces_hansenii
ASV8,k__Fungi,p__Basidiomycota,c__Microbotryomycetes,o__Sporidiobolales,f__Sporidiobolaceae,g__Rhodotorula,s__Rhodotorula_mucilaginosa
ASV9,k__Fungi,p__Basidiomycota,c__Tremellomycetes,o__Filobasidiales,f__Filobasidiaceae,g__Naganishia,s__Naganishia_diffluens
ASV10,k__Fungi,p__Ascomycota,c__Saccharomycetes,o__Saccharomycetales,f__Saccharomycetales_fam_Incertae_sedis,g__Candida,s__Candida_metapsilosis
ASV11,k__Fungi,p__Ascomycota,c__Saccharomycetes,o__Saccharomycetales,f__Saccharomycetales_fam_Incertae_sedis,g__Candida,s__Candida_parapsilosis
ASV12,k__Fungi,p__Ascomycota,c__Saccharomycetes,o__Saccharomycetales,f__Debaryomycetaceae,g__Meyerozyma,s__Meyerozyma_guilliermondii
ASV13,k__Fungi,p__Ascomycota,c__Sordariomycetes,o__Pleurotheciales,f__Pleurotheciaceae,g__Pleurotheciella,s__Pleurotheciella_rivularia
ASV14,k__Fungi,p__Ascomycota,c__Saccharomycetes,o__Saccharomycetales,f__Phaffomycetaceae,g__Cyberlindnera,s__Cyberlindnera_jadinii
ASV15,k__Fungi,p__Ascomycota,c__Eurotiomycetes,o__Eurotiales,f__Aspergillaceae,g__Penicillium,s__Penicillium_glabrum
ASV16,k__Fungi,p__Ascomycota,c__Saccharomycetes,o__Saccharomycetales,f__Saccharomycetales_fam_Incertae_sedis,g__Candida,s__Candida_metapsilosis
ASV17,k__Fungi,p__Basidiomycota,c__Agaricomycetes,o__Auriculariales,f__Exidiaceae,g__Exidia,
ASV18,k__Fungi,p__Basidiomycota,c__Tremellomycetes,o__Cystofilobasidiales,f__Mrakiaceae,g__Itersonilia,s__Itersonilia_perplexans
ASV19,k__Fungi,p__Basidiomycota,c__Agaricomycetes,o__Trechisporales,f__Hydnodontaceae,g__Trechispora,s__unidentified
ASV20,k__Fungi,p__Ascomycota,c__Saccharomycetes,o__Saccharomycetales,f__Saccharomycetaceae,g__Saccharomyces,s__Saccharomyces_cerevisiae
ASV21,k__Fungi,p__Ascomycota,c__Saccharomycetes,o__Saccharomycetales,f__Phaffomycetaceae,g__Wickerhamomyces,s__Wickerhamomyces_anomalus
ASV22,k__Fungi,p__Ascomycota,c__Dothideomycetes,o__Capnodiales,,,
ASV23,k__Fungi,p__Ascomycota,c__Saccharomycetes,o__Saccharomycetales,f__Saccharomycetales_fam_Incertae_sedis,g__Candida,s__Candida_tropicalis
ASV24,k__Fungi,p__Basidiomycota,c__Cystobasidiomycetes,o__Cystobasidiomycetes_ord_Incertae_sedis,f__Symmetrosporaceae,g__Symmetrospora,s__unidentified
ASV25,k__Fungi,p__Ascomycota,c__Saccharomycetes,o__Saccharomycetales,f__Saccharomycetaceae,g__Saccharomyces,s__Saccharomyces_cerevisiae
ASV26,k__Fungi,p__Basidiomycota,c__Agaricomycetes,o__Agaricales,f__Tricholomataceae,g__Baeospora,s__Baeospora_myosura
ASV27,k__Fungi,p__Ascomycota,c__Eurotiomycetes,o__Eurotiales,f__Aspergillaceae,g__Penicillium,s__Penicillium_polonicum
ASV28,k__Fungi,p__Basidiomycota,c__Wallemiomycetes,o__Wallemiales,f__Wallemiaceae,g__Wallemia,
ASV29,k__Fungi,p__Basidiomycota,c__Tremellomycetes,o__Tremellales,f__Bulleribasidiaceae,g__Vishniacozyma,
ASV30,k__Fungi,p__Ascomycota,c__Dothideomycetes,o__Pleosporales,,,
ASV31,k__Fungi,p__Ascomycota,c__Sordariomycetes,o__Hypocreales,f__Ophiocordycipitaceae,g__Purpureocillium,s__Purpureocillium_lilacinum
ASV32,k__Fungi,p__unidentified,c__unidentified,o__unidentified,f__unidentified,g__unidentified,s__unidentified
ASV33,k__Fungi,p__Basidiomycota,c__Agaricomycetes,o__Agaricales,f__Tricholomataceae,g__Baeospora,s__Baeospora_myosura
ASV34,k__Fungi,p__Ascomycota,c__Leotiomycetes,o__Thelebolales,f__Thelebolaceae,g__Thelebolus,s__Thelebolus_globosus
ASV35,k__Fungi,p__Ascomycota,c__Eurotiomycetes,o__Eurotiales,f__Aspergillaceae,g__Penicillium,
ASV36,k__Fungi,p__Basidiomycota,c__Agaricomycetes,o__Russulales,f__Bondarzewiaceae,g__Heterobasidion,
ASV37,k__Fungi,p__Ascomycota,c__Eurotiomycetes,o__Eurotiales,f__Aspergillaceae,g__Aspergillus,s__Aspergillus_ruber
ASV38,k__Fungi,p__Ascomycota,c__Sordariomycetes,o__Hypocreales,f__Nectriaceae,g__Fusarium,
ASV39,k__Fungi,p__Basidiomycota,c__Agaricomycetes,o__Agaricales,f__Strophariaceae,g__Pholiota,s__Pholiota_adiposa
ASV40,k__Fungi,p__Basidiomycota,c__Agaricomycetes,o__Agaricales,f__Strophariaceae,g__Hypholoma,s__Hypholoma_fasciculare
ASV41,k__Fungi,p__Ascomycota,c__Dothideomycetes,o__Capnodiales,f__Mycosphaerellaceae,g__Mycosphaerella,s__Mycosphaerella_tassiana
ASV42,k__Fungi,p__Ascomycota,c__Dothideomycetes,o__Pleosporales,f__Periconiaceae,g__Periconia,s__Periconia_cookei
ASV43,k__Fungi,p__Basidiomycota,c__Tremellomycetes,o__Tremellales,f__Bulleribasidiaceae,g__Dioszegia,s__Dioszegia_hungarica
ASV44,k__Fungi,p__Ascomycota,c__Eurotiomycetes,o__Eurotiales,f__Aspergillaceae,g__Aspergillus,s__Aspergillus_subversicolor
ASV45,k__Fungi,p__unidentified,c__unidentified,o__unidentified,f__unidentified,g__unidentified,s__unidentified
ASV46,k__Fungi,p__Basidiomycota,c__Agaricomycetes,o__Agaricales,f__Tricholomataceae,g__Baeospora,s__Baeospora_myosura
ASV47,k__Fungi,p__Basidiomycota,c__Agaricomycetes,o__Agaricales,f__Physalacriaceae,g__Flammulina,s__Flammulina_velutipes
ASV48,k__Fungi,p__unidentified,c__unidentified,o__unidentified,f__unidentified,g__unidentified,s__unidentified
ASV49,k__Fungi,p__Ascomycota,c__Eurotiomycetes,o__Eurotiales,f__Trichocomaceae,g__Talaromyces,s__Talaromyces_infraolivaceus
ASV50,k__Fungi,p__Basidiomycota,c__Tremellomycetes,o__Holtermanniales,f__Holtermanniales_fam_Incertae_sedis,g__Holtermanniella,s__Holtermanniella_takashimae
ASV51,k__Fungi,p__Ascomycota,c__Eurotiomycetes,o__Eurotiales,f__Aspergillaceae,g__Penicillium,s__Penicillium_polonicum
ASV52,k__Fungi,p__Ascomycota,c__Eurotiomycetes,o__Eurotiales,f__Aspergillaceae,g__Penicillium,s__Penicillium_astrolabium
ASV53,k__Fungi,p__Ascomycota,c__Eurotiomycetes,o__Eurotiales,f__Aspergillaceae,g__Penicillium,s__Penicillium_polonicum
ASV54,k__Fungi,,,,,,
ASV55,k__Fungi,p__Ascomycota,c__Eurotiomycetes,o__Eurotiales,f__Aspergillaceae,g__Aspergillus,s__Aspergillus_subversicolor
ASV56,k__Fungi,p__Basidiomycota,c__Tremellomycetes,o__Filobasidiales,f__Filobasidiaceae,g__Filobasidium,s__Filobasidium_magnum
ASV57,k__Fungi,p__Ascomycota,c__Eurotiomycetes,o__Eurotiales,f__Aspergillaceae,g__Aspergillus,s__Aspergillus_penicillioides
ASV58,k__Fungi,p__Basidiomycota,c__Agaricomycetes,o__Agaricales,f__Tricholomataceae,g__Baeospora,s__Baeospora_myosura
ASV59,k__Fungi,p__Ascomycota,c__Eurotiomycetes,o__Eurotiales,f__Aspergillaceae,g__Penicillium,s__Penicillium_polonicum
ASV60,k__Fungi,p__Basidiomycota,c__Malasseziomycetes,o__Malasseziales,f__Malasseziaceae,g__Malassezia,s__Malassezia_globosa
ASV61,k__Fungi,p__Ascomycota,c__Leotiomycetes,o__Helotiales,f__Sclerotiniaceae,g__Monilinia,s__Monilinia_laxa
ASV62,k__Fungi,p__Basidiomycota,c__Tremellomycetes,o__Tremellales,f__Bulleribasidiaceae,g__Vishniacozyma,s__Vishniacozyma_carnescens
ASV63,k__Fungi,p__Basidiomycota,c__Tremellomycetes,o__Filobasidiales,f__Filobasidiaceae,g__Naganishia,s__Naganishia_albida
ASV64,k__Fungi,p__Basidiomycota,c__Microbotryomycetes,o__Sporidiobolales,f__Sporidiobolaceae,g__Sporobolomyces,s__Sporobolomyces_roseus
ASV65,k__Fungi,p__Ascomycota,c__Eurotiomycetes,o__Eurotiales,f__Aspergillaceae,g__Aspergillus,
ASV66,k__Fungi,p__Ascomycota,c__Eurotiomycetes,o__Eurotiales,f__Aspergillaceae,g__Penicillium,
ASV67,k__Fungi,p__Basidiomycota,c__Agaricomycetes,o__Agaricales,f__Strophariaceae,g__Hypholoma,s__Hypholoma_fasciculare
ASV68,k__Fungi,p__Ascomycota,c__Saccharomycetes,o__Saccharomycetales,f__Phaffomycetaceae,g__Wickerhamomyces,s__Wickerhamomyces_onychis
ASV69,k__Fungi,p__Ascomycota,c__Eurotiomycetes,o__Eurotiales,f__Aspergillaceae,g__Aspergillus,s__Aspergillus_flavus
ASV70,k__Fungi,p__Ascomycota,c__Eurotiomycetes,o__Eurotiales,f__Aspergillaceae,g__Aspergillus,
ASV71,k__Fungi,p__Ascomycota,c__Eurotiomycetes,o__Eurotiales,f__Aspergillaceae,g__Penicillium,s__Penicillium_polonicum
ASV72,k__Fungi,p__Ascomycota,c__Eurotiomycetes,o__Eurotiales,f__Aspergillaceae,g__Penicillium,
ASV73,k__Fungi,p__Ascomycota,c__Eurotiomycetes,o__Eurotiales,f__Aspergillaceae,g__Penicillium,s__Penicillium_coprobium
ASV74,k__Fungi,p__Ascomycota,c__Dothideomycetes,o__Capnodiales,f__Mycosphaerellaceae,g__Mycosphaerella,s__Mycosphaerella_tassiana
ASV75,k__Fungi,p__Ascomycota,c__Eurotiomycetes,o__Eurotiales,f__Aspergillaceae,g__Aspergillus,s__Aspergillus_ruber
ASV76,k__Fungi,p__Basidiomycota,c__Tremellomycetes,o__Filobasidiales,f__Filobasidiaceae,g__Naganishia,s__Naganishia_albida
ASV77,k__Fungi,,,,,,
ASV78,k__Fungi,p__Ascomycota,c__Dothideomycetes,o__Pleosporales,f__Pleosporaceae,g__Alternaria,s__Alternaria_metachromatica
ASV79,k__Fungi,p__Basidiomycota,c__Cystobasidiomycetes,o__Erythrobasidiales,f__unidentified,g__unidentified,s__unidentified
ASV80,k__Fungi,p__unidentified,c__unidentified,o__unidentified,f__unidentified,g__unidentified,s__unidentified
ASV81,k__Fungi,p__Ascomycota,c__Eurotiomycetes,o__Eurotiales,f__Trichocomaceae,g__Talaromyces,s__Talaromyces_minioluteus
ASV82,k__Fungi,p__Ascomycota,c__Saccharomycetes,o__Saccharomycetales,f__Saccharomycetaceae,g__Saccharomyces,s__Saccharomyces_cerevisiae
ASV83,k__Fungi,p__Basidiomycota,c__Malasseziomycetes,o__Malasseziales,f__Malasseziaceae,g__Malassezia,s__Malassezia_restricta
ASV84,k__Fungi,p__Ascomycota,c__Saccharomycetes,o__Saccharomycetales,f__Saccharomycetales_fam_Incertae_sedis,g__Candida,s__Candida_tropicalis
ASV85,k__Fungi,p__Ascomycota,c__Sordariomycetes,o__Xylariales,f__Hyponectriaceae,g__Monographella,s__Monographella_nivalis
ASV86,k__Fungi,p__Basidiomycota,c__Cystobasidiomycetes,o__Cystobasidiales,f__Cystobasidiaceae,g__Cystobasidium,s__Cystobasidium_pinicola
ASV87,k__Fungi,p__Basidiomycota,c__Tremellomycetes,o__Filobasidiales,f__Filobasidiaceae,g__Filobasidium,s__Filobasidium_magnum
ASV88,k__Fungi,p__Ascomycota,c__Eurotiomycetes,o__Eurotiales,f__Aspergillaceae,g__Penicillium,s__Penicillium_coprobium
ASV89,k__Fungi,p__Basidiomycota,c__Tremellomycetes,o__Trichosporonales,f__Trichosporonaceae,g__Cutaneotrichosporon,s__Cutaneotrichosporon_cyanovorans
ASV90,k__Fungi,p__Ascomycota,c__Eurotiomycetes,o__Eurotiales,f__Aspergillaceae,g__Aspergillus,
ASV91,k__Fungi,p__Basidiomycota,c__Agaricomycetes,o__Agaricales,f__Lycoperdaceae,,
ASV92,k__Fungi,p__Basidiomycota,c__Malasseziomycetes,o__Malasseziales,f__Malasseziaceae,g__Malassezia,s__Malassezia_sympodialis
ASV93,k__Fungi,p__Ascomycota,c__Dothideomycetes,o__Pleosporales,f__Pleosporaceae,g__Alternaria,
ASV94,k__Fungi,p__Ascomycota,c__Sordariomycetes,o__Hypocreales,f__Hypocreaceae,g__Trichoderma,
ASV95,k__Fungi,p__Ascomycota,c__Saccharomycetes,o__Saccharomycetales,f__Saccharomycetales_fam_Incertae_sedis,g__Candida,s__Candida_railenensis
ASV96,k__Fungi,p__Ascomycota,c__Dothideomycetes,o__Pleosporales,f__Pleosporales_fam_Incertae_sedis,g__Chalastospora,s__Chalastospora_gossypii
ASV97,k__Fungi,p__unidentified,c__unidentified,o__unidentified,f__unidentified,g__unidentified,s__unidentified
ASV98,k__Fungi,p__Ascomycota,c__Dothideomycetes,o__Pleosporales,f__Didymellaceae,g__Didymella,s__Didymella_exigua
ASV99,k__Fungi,p__Basidiomycota,,,,,
ASV100,k__Fungi,p__Basidiomycota,c__Tremellomycetes,o__Tremellales,f__Bulleribasidiaceae,g__Vishniacozyma,s__unidentified
ASV101,k__Fungi,p__Basidiomycota,c__Agaricomycetes,o__Polyporales,f__Coriolaceae,g__Trametes,s__Trametes_cubensis
ASV102,k__Fungi,p__Basidiomycota,c__Tremellomycetes,o__Cystofilobasidiales,f__Mrakiaceae,g__Tausonia,s__Tausonia_pullulans
ASV103,k__Fungi,,,,,,
ASV104,k__Fungi,,,,,,
ASV105,k__Fungi,p__Basidiomycota,c__Tremellomycetes,o__Cystofilobasidiales,f__Cystofilobasidiaceae,g__Cystofilobasidium,s__Cystofilobasidium_capitatum
ASV106,k__Fungi,p__Ascomycota,c__Eurotiomycetes,o__Eurotiales,f__Trichocomaceae,g__Talaromyces,s__Talaromyces_minioluteus
ASV107,k__Fungi,p__Basidiomycota,c__Malasseziomycetes,o__Malasseziales,f__Malasseziaceae,g__Malassezia,s__Malassezia_restricta
ASV108,k__Fungi,p__Ascomycota,c__Eurotiomycetes,o__Eurotiales,f__Aspergillaceae,g__Penicillium,
ASV109,k__Fungi,p__Ascomycota,c__Eurotiomycetes,o__Eurotiales,f__Aspergillaceae,g__Penicillium,s__Penicillium_polonicum
ASV110,k__Fungi,p__Ascomycota,c__Eurotiomycetes,o__Eurotiales,f__Aspergillaceae,g__Aspergillus,s__Aspergillus_ruber
ASV111,k__Fungi,p__Ascomycota,c__Leotiomycetes,o__Thelebolales,f__unidentified,g__unidentified,s__unidentified
ASV112,k__Fungi,p__Basidiomycota,c__Tremellomycetes,o__Tremellales,f__Bulleribasidiaceae,g__Vishniacozyma,s__Vishniacozyma_taibaiensis
ASV113,k__Fungi,,,,,,
ASV114,k__Fungi,p__Basidiomycota,c__Wallemiomycetes,o__Wallemiales,f__Wallemiaceae,g__Wallemia,s__Wallemia_ichthyophaga
ASV115,k__Fungi,p__Ascomycota,c__Leotiomycetes,o__Helotiales,f__Sclerotiniaceae,g__Monilinia,s__Monilinia_laxa
ASV116,k__Fungi,p__unidentified,c__unidentified,o__unidentified,f__unidentified,g__unidentified,s__unidentified
ASV117,k__Fungi,p__Ascomycota,c__Eurotiomycetes,o__Eurotiales,f__Aspergillaceae,g__Aspergillus,
ASV118,k__Fungi,p__unidentified,c__unidentified,o__unidentified,f__unidentified,g__unidentified,s__unidentified
ASV119,k__Fungi,p__Basidiomycota,c__Agaricomycetes,o__Agaricales,f__Tricholomataceae,g__Baeospora,s__Baeospora_myosura
ASV120,k__Fungi,p__Basidiomycota,c__Malasseziomycetes,o__Malasseziales,f__Malasseziaceae,g__Malassezia,s__Malassezia_globosa
ASV121,k__Fungi,p__Basidiomycota,c__Tremellomycetes,o__Tremellales,f__Bulleribasidiaceae,g__Hannaella,s__Hannaella_zeae
ASV122,k__Fungi,p__Basidiomycota,c__Malasseziomycetes,o__Malasseziales,f__Malasseziaceae,g__Malassezia,s__Malassezia_globosa
ASV123,k__Fungi,p__Ascomycota,c__Eurotiomycetes,o__Eurotiales,f__Trichocomaceae,g__Talaromyces,s__Talaromyces_minioluteus
ASV124,k__Fungi,p__Basidiomycota,c__Malasseziomycetes,o__Malasseziales,f__Malasseziaceae,g__Malassezia,s__Malassezia_arunalokei
ASV125,k__Fungi,p__Basidiomycota,c__Tremellomycetes,o__Tremellales,,,
ASV126,k__Fungi,p__Ascomycota,c__Dothideomycetes,o__Capnodiales,f__Mycosphaerellaceae,g__Mycosphaerella,s__Mycosphaerella_tassiana
ASV127,k__Fungi,p__Ascomycota,c__Saccharomycetes,o__Saccharomycetales,f__Saccharomycetales_fam_Incertae_sedis,g__Candida,s__Candida_metapsilosis
ASV128,k__Fungi,p__Basidiomycota,c__Agaricomycetes,o__Russulales,f__Peniophoraceae,g__Peniophora,s__Peniophora_albobadia
ASV129,k__Fungi,p__Ascomycota,c__Eurotiomycetes,o__Eurotiales,f__Aspergillaceae,g__Penicillium,s__Penicillium_astrolabium
ASV130,k__Fungi,p__unidentified,c__unidentified,o__unidentified,f__unidentified,g__unidentified,s__unidentified
ASV131,k__Fungi,p__unidentified,c__unidentified,o__unidentified,f__unidentified,g__unidentified,s__unidentified
ASV132,k__Fungi,p__Ascomycota,c__Eurotiomycetes,o__Eurotiales,,,
ASV133,k__Fungi,p__Basidiomycota,c__Malasseziomycetes,o__Malasseziales,f__Malasseziaceae,g__Malassezia,s__Malassezia_restricta
ASV134,k__Fungi,p__Ascomycota,c__Eurotiomycetes,o__Eurotiales,f__Aspergillaceae,g__Aspergillus,s__Aspergillus_subversicolor
ASV135,k__Fungi,p__unidentified,c__unidentified,o__unidentified,f__unidentified,g__unidentified,s__unidentified
ASV136,k__Fungi,p__Basidiomycota,c__Agaricomycetes,o__Trechisporales,f__Hydnodontaceae,g__Trechispora,s__unidentified
ASV137,k__Fungi,,,,,,
ASV138,k__Fungi,p__Ascomycota,c__Sordariomycetes,o__Hypocreales,f__Cordycipitaceae,g__Simplicillium,s__Simplicillium_aogashimaense
ASV139,k__Fungi,p__unidentified,c__unidentified,o__unidentified,f__unidentified,g__unidentified,s__unidentified
ASV140,k__Fungi,,,,,,
ASV141,k__Fungi,p__Basidiomycota,c__Cystobasidiomycetes,o__Erythrobasidiales,f__Erythrobasidiaceae,g__Erythrobasidium,s__Erythrobasidium_hasegawianum
ASV142,k__Fungi,p__Basidiomycota,c__Malasseziomycetes,o__Malasseziales,f__Malasseziaceae,g__Malassezia,s__Malassezia_globosa
ASV143,k__Fungi,p__Ascomycota,c__Sordariomycetes,o__Xylariales,f__Hyponectriaceae,g__Monographella,s__Monographella_nivalis
ASV144,k__Fungi,p__Basidiomycota,c__Tremellomycetes,o__Tremellales,f__Rhynchogastremataceae,g__Papiliotrema,s__Papiliotrema_flavescens
ASV145,k__Fungi,,,,,,
ASV146,k__Fungi,p__unidentified,c__unidentified,o__unidentified,f__unidentified,g__unidentified,s__unidentified
ASV147,k__Fungi,p__Ascomycota,c__Eurotiomycetes,o__Eurotiales,f__Aspergillaceae,g__Penicillium,s__Penicillium_bialowiezense
ASV148,k__Fungi,p__Ascomycota,c__Saccharomycetes,o__Saccharomycetales,f__Phaffomycetaceae,g__Wickerhamomyces,s__Wickerhamomyces_onychis
ASV149,k__Fungi,p__Ascomycota,c__Eurotiomycetes,o__Eurotiales,f__Aspergillaceae,g__Aspergillus,s__Aspergillus_ruber
ASV150,k__Fungi,p__Ascomycota,c__Eurotiomycetes,o__Eurotiales,f__Aspergillaceae,g__Penicillium,s__Penicillium_polonicum
ASV151,k__Fungi,p__Basidiomycota,c__Agaricomycetes,o__Corticiales,f__Vuilleminiaceae,g__Vuilleminia,s__Vuilleminia_comedens
ASV152,k__Fungi,p__Basidiomycota,c__Tremellomycetes,o__Trichosporonales,f__Trichosporonaceae,g__Trichosporon,s__Trichosporon_dohaense
ASV153,k__Fungi,p__Ascomycota,c__Dothideomycetes,o__Capnodiales,f__Mycosphaerellaceae,g__Mycosphaerella,s__Mycosphaerella_tassiana
ASV154,k__Fungi,p__Basidiomycota,c__Microbotryomycetes,o__Sporidiobolales,f__Sporidiobolaceae,g__Sporobolomyces,s__Sporobolomyces_symmetricus
ASV155,k__Fungi,p__unidentified,c__unidentified,o__unidentified,f__unidentified,g__unidentified,s__unidentified
ASV156,k__Fungi,p__Basidiomycota,c__Tremellomycetes,o__Cystofilobasidiales,f__Mrakiaceae,g__Tausonia,s__Tausonia_pullulans
ASV157,k__Fungi,p__Ascomycota,c__Sordariomycetes,o__Hypocreales,f__Hypocreaceae,g__Trichoderma,s__Trichoderma_atroviride
ASV158,k__Fungi,p__Basidiomycota,c__Agaricomycetes,o__Russulales,f__Peniophoraceae,g__Peniophora,s__unidentified
ASV159,k__Fungi,p__unidentified,c__unidentified,o__unidentified,f__unidentified,g__unidentified,s__unidentified
ASV160,k__Fungi,p__Basidiomycota,c__Agaricomycetes,o__Agaricales,f__Tricholomataceae,g__Baeospora,s__Baeospora_myosura
ASV161,k__Fungi,p__Basidiomycota,c__Agaricomycetes,o__Boletales,f__Paxillaceae,g__Paxillus,s__Paxillus_involutus
ASV162,k__Fungi,p__Ascomycota,c__Eurotiomycetes,o__Eurotiales,f__Trichocomaceae,g__Talaromyces,s__Talaromyces_wortmannii
ASV163,k__Fungi,p__Ascomycota,c__Eurotiomycetes,o__Chaetothyriales,,,
ASV164,k__Fungi,p__Ascomycota,c__Leotiomycetes,o__Erysiphales,f__Erysiphaceae,g__Golovinomyces,s__Golovinomyces_sonchicola
ASV165,k__Fungi,,,,,,
ASV166,k__Fungi,p__Basidiomycota,c__Agaricomycetes,o__Agaricales,f__Agaricaceae,g__Agaricus,s__Agaricus_bisporus
ASV167,k__Fungi,p__Basidiomycota,c__Tremellomycetes,o__Trichosporonales,f__Trichosporonaceae,g__Vanrija,s__Vanrija_fragicola
ASV168,k__Fungi,p__Ascomycota,c__Eurotiomycetes,o__Eurotiales,f__Aspergillaceae,g__Aspergillus,s__Aspergillus_conicus
ASV169,k__Fungi,p__Ascomycota,c__Dothideomycetes,o__Capnodiales,,,
ASV170,k__Fungi,,,,,,
ASV171,k__Fungi,p__unidentified,c__unidentified,o__unidentified,f__unidentified,g__unidentified,s__unidentified
ASV172,k__Fungi,p__Ascomycota,c__Eurotiomycetes,o__Eurotiales,f__Aspergillaceae,g__Aspergillus,s__Aspergillus_carbonarius
ASV173,k__Fungi,p__Ascomycota,c__Eurotiomycetes,o__Eurotiales,f__Aspergillaceae,g__Aspergillus,s__Aspergillus_terreus
ASV174,k__Fungi,p__Ascomycota,c__Dothideomycetes,o__Pleosporales,f__Periconiaceae,g__Periconia,s__Periconia_byssoides
ASV175,k__Fungi,p__Ascomycota,c__Eurotiomycetes,o__Eurotiales,f__Aspergillaceae,g__Aspergillus,s__Aspergillus_penicillioides
ASV176,k__Fungi,p__unidentified,c__unidentified,o__unidentified,f__unidentified,g__unidentified,s__unidentified
ASV177,k__Fungi,p__Ascomycota,c__Saccharomycetes,o__Saccharomycetales,f__Saccharomycetaceae,g__Kazachstania,s__Kazachstania_barnettii
ASV178,k__Fungi,p__Basidiomycota,c__Tremellomycetes,o__Tremellales,f__Bulleribasidiaceae,g__Hannaella,s__Hannaella_zeae
ASV179,k__Fungi,p__Ascomycota,c__Dothideomycetes,o__Pleosporales,f__Phaeosphaeriaceae,g__Neosetophoma,
ASV180,k__Fungi,p__Ascomycota,c__Saccharomycetes,o__Saccharomycetales,f__Saccharomycetales_fam_Incertae_sedis,g__Candida,s__Candida_natalensis
ASV181,k__Fungi,p__Ascomycota,c__Eurotiomycetes,o__Eurotiales,f__Aspergillaceae,g__Penicillium,s__Penicillium_polonicum
ASV182,k__Fungi,p__unidentified,c__unidentified,o__unidentified,f__unidentified,g__unidentified,s__unidentified
ASV183,k__Fungi,,,,,,
ASV184,k__Fungi,p__Ascomycota,c__Eurotiomycetes,o__Eurotiales,f__Aspergillaceae,g__Aspergillus,s__Aspergillus_subversicolor
ASV185,k__Fungi,p__unidentified,c__unidentified,o__unidentified,f__unidentified,g__unidentified,s__unidentified
ASV186,k__Fungi,,,,,,
ASV187,k__Fungi,p__Ascomycota,c__Saccharomycetes,o__Saccharomycetales,f__Phaffomycetaceae,g__Wickerhamomyces,s__Wickerhamomyces_onychis
ASV188,k__Fungi,,,,,,
ASV189,k__Fungi,p__Ascomycota,c__Sordariomycetes,o__Xylariales,f__Diatrypaceae,g__Peroneutypa,s__unidentified
ASV190,k__Fungi,p__unidentified,c__unidentified,o__unidentified,f__unidentified,g__unidentified,s__unidentified
ASV191,k__Fungi,p__unidentified,c__unidentified,o__unidentified,f__unidentified,g__unidentified,s__unidentified
ASV192,k__Fungi,p__unidentified,c__unidentified,o__unidentified,f__unidentified,g__unidentified,s__unidentified
ASV193,k__Fungi,p__Basidiomycota,c__Exobasidiomycetes,o__Entylomatales,f__unidentified,g__unidentified,s__unidentified
ASV194,k__Fungi,,,,,,
ASV195,k__Fungi,p__unidentified,c__unidentified,o__unidentified,f__unidentified,g__unidentified,s__unidentified
ASV196,k__Fungi,p__Ascomycota,c__Eurotiomycetes,o__Eurotiales,f__Aspergillaceae,g__Penicillium,s__Penicillium_bialowiezense
ASV197,k__Fungi,p__unidentified,c__unidentified,o__unidentified,f__unidentified,g__unidentified,s__unidentified
ASV198,k__Fungi,p__Ascomycota,c__Eurotiomycetes,o__Eurotiales,f__Aspergillaceae,g__Penicillium,
ASV199,k__Fungi,p__Basidiomycota,c__Wallemiomycetes,o__Wallemiales,f__Wallemiaceae,g__Wallemia,s__Wallemia_ichthyophaga
ASV200,k__Fungi,,,,,,
ASV201,k__Fungi,p__Ascomycota,c__Sordariomycetes,o__Microascales,f__Microascaceae,g__Scopulariopsis,s__unidentified
ASV202,k__Fungi,p__Ascomycota,c__Saccharomycetes,o__Saccharomycetales,f__Saccharomycetaceae,g__Eremothecium,s__Eremothecium_coryli
ASV203,k__Fungi,,,,,,
ASV204,k__Fungi,p__unidentified,c__unidentified,o__unidentified,f__unidentified,g__unidentified,s__unidentified
ASV205,k__Fungi,,,,,,
ASV206,k__Fungi,p__Basidiomycota,c__Tremellomycetes,o__Trichosporonales,f__Trichosporonaceae,,
ASV207,k__Fungi,p__Basidiomycota,c__Malasseziomycetes,o__Malasseziales,f__Malasseziaceae,g__Malassezia,s__Malassezia_globosa
ASV208,k__Fungi,p__unidentified,c__unidentified,o__unidentified,f__unidentified,g__unidentified,s__unidentified
ASV209,k__Fungi,,,,,,
ASV210,k__Fungi,p__Basidiomycota,c__Agaricomycetes,o__Trechisporales,f__Hydnodontaceae,g__Trechispora,s__unidentified
ASV211,k__Fungi,,,,,,
ASV212,k__Fungi,p__Basidiomycota,c__Agaricomycetes,o__Atheliales,f__Atheliaceae,g__Athelia,s__unidentified
ASV213,k__Fungi,p__unidentified,c__unidentified,o__unidentified,f__unidentified,g__unidentified,s__unidentified
ASV214,k__Fungi,,,,,,
ASV215,k__Fungi,p__Ascomycota,c__Eurotiomycetes,o__Eurotiales,f__Trichocomaceae,g__Talaromyces,s__Talaromyces_infraolivaceus
ASV216,k__Fungi,p__Ascomycota,c__Sordariomycetes,o__unidentified,f__unidentified,g__unidentified,s__unidentified
ASV217,k__Fungi,p__unidentified,c__unidentified,o__unidentified,f__unidentified,g__unidentified,s__unidentified
ASV218,k__Fungi,,,,,,
ASV219,k__Fungi,p__unidentified,c__unidentified,o__unidentified,f__unidentified,g__unidentified,s__unidentified
ASV220,k__Fungi,p__unidentified,c__unidentified,o__unidentified,f__unidentified,g__unidentified,s__unidentified
ASV221,k__Fungi,p__Basidiomycota,c__Malasseziomycetes,o__Malasseziales,f__Malasseziaceae,g__Malassezia,
ASV222,k__Fungi,p__unidentified,c__unidentified,o__unidentified,f__unidentified,g__unidentified,s__unidentified
ASV223,k__Fungi,p__unidentified,c__unidentified,o__unidentified,f__unidentified,g__unidentified,s__unidentified
ASV224,k__Fungi,p__unidentified,c__unidentified,o__unidentified,f__unidentified,g__unidentified,s__unidentified
ASV225,k__Fungi,,,,,,
ASV226,k__Fungi,p__Ascomycota,c__Dothideomycetes,o__Capnodiales,f__Mycosphaerellaceae,g__Mycosphaerella,s__Mycosphaerella_tassiana
ASV227,k__Fungi,p__Ascomycota,c__Eurotiomycetes,o__Eurotiales,,,
ASV228,k__Fungi,p__unidentified,c__unidentified,o__unidentified,f__unidentified,g__unidentified,s__unidentified
ASV229,k__Fungi,p__unidentified,c__unidentified,o__unidentified,f__unidentified,g__unidentified,s__unidentified
ASV230,k__Fungi,p__Basidiomycota,c__Agaricomycetes,o__Corticiales,f__Vuilleminiaceae,g__Vuilleminia,s__Vuilleminia_comedens
ASV231,k__Fungi,p__Ascomycota,c__Saccharomycetes,o__Saccharomycetales,,,
ASV232,k__Fungi,p__unidentified,c__unidentified,o__unidentified,f__unidentified,g__unidentified,s__unidentified
ASV233,k__Fungi,p__Ascomycota,c__Eurotiomycetes,o__Eurotiales,f__Aspergillaceae,g__Aspergillus,s__Aspergillus_penicillioides
ASV234,k__Fungi,p__unidentified,c__unidentified,o__unidentified,f__unidentified,g__unidentified,s__unidentified
ASV235,k__Fungi,,,,,,
ASV236,k__Fungi,p__Ascomycota,,,,,
ASV237,k__Fungi,p__Basidiomycota,c__Tremellomycetes,o__Trichosporonales,f__Trichosporonaceae,,
ASV238,k__Fungi,p__unidentified,c__unidentified,o__unidentified,f__unidentified,g__unidentified,s__unidentified
ASV239,k__Fungi,p__unidentified,c__unidentified,o__unidentified,f__unidentified,g__unidentified,s__unidentified
ASV240,k__Fungi,,,,,,
ASV241,k__Fungi,p__unidentified,c__unidentified,o__unidentified,f__unidentified,g__unidentified,s__unidentified
